[
  {
    "date": "2024-08-17",
    "dayOfWeek": "Sab",
    "time": "21:30",
    "venue": "Coliseum da Coru침a",
    "address": "Avenida de Arteixo, 171, 15008 A Coru침a",
    "city": "A Coru침a",
    "country": "Spain",
    "countryFlag": "游쀯릖",
    "hasTickets": true,
    "hasRSVP": true
  },
  {
    "date": "2024-08-20",
    "dayOfWeek": "Mie",
    "time": "22:00",
    "venue": "Starlite Occident",
    "address": "Cantera de Nag칲eles, s/n, 29602 Marbella",
    "city": "Marbella",
    "country": "Spain",
    "countryFlag": "游쀯릖",
    "hasTickets": true,
    "hasRSVP": true
  },
  {
    "date": "2024-08-22",
    "dayOfWeek": "Vie",
    "time": "21:00",
    "venue": "Playa Virgen del Mar",
    "address": "Paseo Mar칤timo de Santander, 39004 Santander",
    "city": "Santander",
    "country": "Spain",
    "countryFlag": "游쀯릖",
    "hasTickets": true,
    "hasRSVP": true
  },
  {
    "date": "2024-08-23",
    "dayOfWeek": "Sab",
    "time": "21:00",
    "venue": "Navarra Arena",
    "address": "Avenida de Zaragoza, 21, 31005 Pamplona",
    "city": "Pamplona",
    "country": "Spain",
    "countryFlag": "游쀯릖",
    "hasTickets": true,
    "hasRSVP": true
  },
  {
    "date": "2024-08-25",
    "dayOfWeek": "Lun",
    "time": "22:00",
    "venue": "Playa del Reducto",
    "address": "Avenida Fred Olsen, s/n, 35500 Arrecife",
    "city": "Arrecife",
    "country": "Spain",
    "countryFlag": "游쀯릖",
    "hasTickets": true,
    "hasRSVP": true
  },
  {
    "date": "2024-09-06",
    "dayOfWeek": "Sab",
    "time": "20:00",
    "venue": "Dickies Arena",
    "address": "1911 Montgomery St, Fort Worth, TX 76107",
    "city": "Fort Worth",
    "state": "TX",
    "country": "United States",
    "countryFlag": "游쥟릖",
    "hasTickets": true,
    "hasRSVP": true
  },
  {
    "date": "2024-09-07",
    "dayOfWeek": "Dom",
    "time": "20:00",
    "venue": "Don Haskins Center",
    "address": "157 Hawthorne St, El Paso, TX 79968",
    "city": "El Paso",
    "state": "TX",
    "country": "United States",
    "countryFlag": "游쥟릖",
    "hasTickets": true,
    "hasRSVP": true
  },
  {
    "date": "2024-09-12",
    "dayOfWeek": "Vie",
    "time": "20:00",
    "venue": "Arizona Financial Theatre",
    "address": "400 W Washington St, Phoenix, AZ 85003",
    "city": "Phoenix",
    "state": "AZ",
    "country": "United States",
    "countryFlag": "游쥟릖",
    "hasTickets": true,
    "hasRSVP": true
  },
  {
    "date": "2024-09-13",
    "dayOfWeek": "Sab",
    "time": "20:00",
    "venue": "MGM Grand Garden Arena",
    "address": "3799 S Las Vegas Blvd, Las Vegas, NV 89109",
    "city": "Las Vegas",
    "state": "NV",
    "country": "United States",
    "countryFlag": "游쥟릖",
    "hasTickets": true,
    "hasRSVP": true
  },
  {
    "date": "2024-09-15",
    "dayOfWeek": "Lun",
    "time": "20:00",
    "venue": "MGM Grand Garden Arena",
    "address": "3799 S Las Vegas Blvd, Las Vegas, NV 89109",
    "city": "Las Vegas",
    "state": "NV",
    "country": "United States",
    "countryFlag": "游쥟릖",
    "hasTickets": true,
    "hasRSVP": true
  },
  {
    "date": "2026-03-14",
    "dayOfWeek": "Sab",
    "time": "21:00",
    "venue": "WiZink Center",
    "address": "Av. Felipe II, s/n, 28009 Madrid",
    "city": "Madrid",
    "country": "Spain",
    "countryFlag": "游쀯릖",
    "hasTickets": false,
    "hasRSVP": true
  },
  {
    "date": "2026-03-18",
    "dayOfWeek": "Mie",
    "time": "21:00",
    "venue": "Palau Sant Jordi",
    "address": "Passeig Ol칤mpic, 5-7, 08038 Barcelona",
    "city": "Barcelona",
    "country": "Spain",
    "countryFlag": "游쀯릖",
    "hasTickets": false,
    "hasRSVP": true
  },
  {
    "date": "2026-04-02",
    "dayOfWeek": "Jue",
    "time": "20:30",
    "venue": "Arena Monterrey",
    "address": "Av. Francisco I. Madero 2500, Monterrey",
    "city": "Monterrey",
    "country": "Mexico",
    "countryFlag": "游쓇릖",
    "hasTickets": false,
    "hasRSVP": true
  },
  {
    "date": "2026-04-05",
    "dayOfWeek": "Dom",
    "time": "20:30",
    "venue": "Auditorio Nacional",
    "address": "Av. Paseo de la Reforma 50, CDMX",
    "city": "Ciudad de M칠xico",
    "country": "Mexico",
    "countryFlag": "游쓇릖",
    "hasTickets": false,
    "hasRSVP": true
  },
  {
    "date": "2026-05-09",
    "dayOfWeek": "Sab",
    "time": "21:00",
    "venue": "Movistar Arena",
    "address": "Humboldt 450, Buenos Aires",
    "city": "Buenos Aires",
    "country": "Argentina",
    "countryFlag": "游뷣릖",
    "hasTickets": false,
    "hasRSVP": true
  },
  {
    "date": "2026-05-14",
    "dayOfWeek": "Jue",
    "time": "21:00",
    "venue": "Estadio Nacional",
    "address": "Av. Grecia 2001, 칌u침oa",
    "city": "Santiago",
    "country": "Chile",
    "countryFlag": "游뻟릖",
    "hasTickets": false,
    "hasRSVP": true
  },
  {
    "date": "2026-06-03",
    "dayOfWeek": "Mie",
    "time": "20:00",
    "venue": "Jeunesse Arena",
    "address": "Av. Embaixador Abelardo Bueno, Rio de Janeiro",
    "city": "Rio de Janeiro",
    "country": "Brazil",
    "countryFlag": "游游",
    "hasTickets": false,
    "hasRSVP": true
  },
  {
    "date": "2026-06-07",
    "dayOfWeek": "Dom",
    "time": "20:00",
    "venue": "Allianz Parque",
    "address": "Av. Francisco Matarazzo, S칚o Paulo",
    "city": "S칚o Paulo",
    "country": "Brazil",
    "countryFlag": "游游",
    "hasTickets": false,
    "hasRSVP": true
  },
  {
    "date": "2026-06-20",
    "dayOfWeek": "Sab",
    "time": "21:00",
    "venue": "Accor Arena",
    "address": "8 Bd de Bercy, 75012 Paris",
    "city": "Paris",
    "country": "France",
    "countryFlag": "游游",
    "hasTickets": false,
    "hasRSVP": true
  }
]
